Title,Count
Brat,5
Two Star & the Dream Police,3
Boy,2
Bright Future,2
CHROMAKOPIA,2
Cold Visions,2
"Desire, I Want To Turn Into You (Everasking Edition)",2
For What It's Worth,2
GNX,2
I LAY DOWN MY LIFE FOR YOU,2
Imaginal Disk,2
Sky Hundred,2
Submarine,2
2093,1
A Dream is All we Know,1
Acelero,1
Alligator Bites Never Heal,1
Almighty So 2,1
Armageddon,1
Bad Bitty,1
Baggy$$,1
Basspunk,1
Be Strangers,1
Black & Tan,1
Bleach [Hi,1
Bloody Angel,1
Cartoon Darkness,1
Charm,1
Choke Enough,1
Con Carino,1
Conglomerate,1
Continuum 1,1
Cool Drink,1
Diet Pepsi,1
Escaper,1
Far Out To Where We Were Then: The Maraqopa Demos,1
Funeral for Justice,1
Gemini!,1
GG_BLENDS2,1
GOOD LISTENER,1
Greatest of All Trappers (Gangsta Grillz Edition),1
Hex,1
I Got Heaven,1
Indio,1
It's Getting Dark,1
King of the Mischievous South Vol. 2,1
Kyoukai,1
LONELINESS WILL SHINE,1
Manning Fireworks,1
MINISERIES 2,1
Negative Spaces,1
Night Palace,1
NIRVANA_RMX,1
NO HANDS,1
Nothing Gold,1
Older (and Wiser),1
Omega (feat.Ralphine Choo),1
On The Lips,1
Orquideas,1
Pinball,1
POST HUMAN: NeX GEn,1
Promise,1
Rapstar*,1
Right Back to it,1
Rockman,1
rp privateserver,1
Saaheem,1
senescence,1
SHINBANGUMI,1
Silence Is Loud,1
SMILE! :D,1
Songs About You Specifically,1
Sphere,1
Supernatural,1
TANGK,1
Tempo,1
The Comeup,1
The New Sound,1
This Is How Tomorrow Moves,1
Three,1
Tidal Memory Exo,1
TL;DR,1
Trappernese,1
Treasure Hunt 2,1
Twenty Ft. Tall,1
VIVA HINDS,1
Why Lawd?,1
Wild One,1
with 2 (hosted by d9lton),1
X's,1
You Like Music,1
YOU'LL HAVE TO LOSE SOMETHING,1
